Name,Designation,neo_reference_id,Eccentricity,Semi-Major Axis,Inclination,Perihelion Argument,Perihelion Time,Perihelion Distance,Alphelion Distance,Orbiting Body for Close-Approach
(2006 TL),2006 TL,3348144,.3973884888645337,.9403009798904538,11.60741478193968,315.2444548388114,2458763.532999223980,.5666361944139461,1.313965765366961,
(2013 GQ38),2013 GQ38,3634387,.4249840317343364,1.745963058378783,8.113720891883814,40.18020786235846,2458965.182980273315,1.003956638569756,2.487969478187811,
(2010 EX11),2010 EX11,3511111,.1096812272253328,.9560631225560955,9.745514097182776,42.7224364952435,2458573.568253529059,.8512009459692592,1.060925299142932,
(2005 OH3),2005 OH3,3285301,.1699717473002184,1.239059771536843,4.752202213322886,187.0082010296876,2458615.418502618233,1.028454617159316,1.449664925914369,
2201 Oljato (1947 XC),2201,2002201,.712902827531431,2.174290200364063,2.522434598920908,98.2603210716439,2458340.000088639330,.6242325686506408,3.724347832077485,
(2011 FR29),2011 FR29,3560816,.346504376796256,1.057560968619328,3.62034214512429,175.8638666800091,2458684.775113884479,.6911114642638431,1.424010472974813,
(2011 UG20),2011 UG20,3582137,.6866709147008817,1.124317378871422,18.97625806110506,304.9947196043871,2458526.327476530966,.3522813359076848,1.896353421835159,
